Ambient Temp (degC),Time (s),Arclength_0.0 (mm),Arclength_6.0 (mm),Arclength_12.0 (mm),Arclength_18.0 (mm),Arclength_24.0 (mm),Arclength_30.0 (mm),Arclength_36.0 (mm),Arclength_42.0 (mm),Arclength_48.0 (mm),Arclength_54.0 (mm),Arclength_60.0 (mm),Arclength_61.2271618164903 (mm),Arclength_62.4656655809871 (mm),Arclength_63.7328160075048 (mm),Arclength_65.0 (mm),Electric Potential (V)
1,3600,44.86368685174672,50.15959101423611,50.60276578027927,50.497573949276926,50.31204067430207,50.20188231604632,49.97770896054814,49.6226655059568,49.42706206283366,49.28828660086662,48.09615099935273,47.86341008017013,50.70506064518472,54.562070068602175,105.82292669566644,4.756181205990837
1,7200,31.936863576152547,35.710980050913555,36.02469955102092,35.94978512638502,35.81720671333646,35.73815250238277,35.57759159562321,35.324223376748634,35.18438123522192,35.08597996283186,34.23966018728868,34.07299726385335,36.1006568331291,38.843476062867424,75.33432528507767,3.524706465308149
1,10800,45.1531717478418,50.483103083857166,50.92919213804362,50.8233216346257,50.63660238003862,50.52574472709899,50.300143029899445,49.94280763398904,49.74593917077705,49.60625579096052,48.40641742742712,48.17222425680747,51.03209554767126,54.91401842322394,106.5060030769524,4.756145224422577
1,14400,31.93891398620422,35.71327563540692,36.02702283847941,35.95209086744905,35.81950680685286,35.74044802308387,35.57987725924609,35.32649399109376,35.186643603826056,35.08823477158852,34.24186076081064,34.07518729085972,36.10297650614059,38.84597296255046,75.33916731895661,3.5247217911263107
1,18000,45.15327039188033,50.48321594280488,50.929309587163175,50.82343305569957,50.636712461427,50.52585451011393,50.30025158555699,49.94291434842931,49.74604739116976,49.60636515535245,48.40652364888994,48.1723306062578,51.03220865982455,54.914139918137145,106.5062390563282,4.756153229516576
1,21600,31.93851757017651,35.71283280549844,36.02657671628901,35.951643444432705,35.819059386363065,35.740005269369995,35.57943829652511,35.3260554641918,35.18620704766295,35.087800193958984,34.24144114866799,34.07476815130071,36.10253107413137,38.84549375426194,75.33823602372607,3.5247320991976707
2,3600,44.41032268552552,49.66103322261077,50.10616241500668,50.00179579370704,49.81818650392649,49.70867876090023,49.48617357575928,49.12887062308011,48.933551959115015,48.79094074408306,47.61050649622575,47.385471850135296,50.203026118466,54.01834276574599,104.79500037310042,4.754340794292942
2,7200,30.690601531508943,34.3235081101075,34.62932728582609,34.557144148338395,34.4297504208203,34.35343887034972,34.19871435930989,33.95120354530059,33.815655265597975,33.717460608234816,32.90373892949666,32.747145337923044,34.6989944833726,37.33302670479884,72.42166383896836,3.5447292932540155
2,10800,44.69146165152532,49.975272764609976,50.4232736417798,50.31824963284043,50.13348775362422,50.0232928383619,49.79939713595651,49.43983808509844,49.24328519303864,49.09975960259375,47.91184476161642,47.6854328283264,50.52071115984855,54.36020602770167,105.45865989368626,4.754305333129331
2,14400,30.69286361068105,34.3260378593529,34.63188040499996,34.559692992777386,34.43229091333954,34.355975962470474,34.201238106104185,33.95370769879156,33.81815100422013,33.719947113562945,32.90616832337511,32.74956205850499,34.70155366392386,37.33578135081723,72.42700750802496,3.54473911997056
2,18000,44.69154322331467,49.97536524980004,50.423374243459946,50.31834260933991,50.133583956343976,50.02339033935717,49.79949364354823,49.43993277973702,49.24337947585312,49.09985409761569,47.91193281077298,47.68552168195107,50.52080751921194,54.36030755700682,105.45885668653284,4.75431067360704
2,21600,30.692619429845937,34.325762347054834,34.631599723950515,34.559419047342715,34.43202045665721,34.355704778800416,34.20096962455019,33.953441615093936,33.817885788969065,33.719683903079485,32.90591066707607,32.749305744717155,34.701283022327914,37.33549008488461,72.42644156024957,3.54474507990048
3,3600,43.97946222788225,49.18801396090935,49.63547135444549,49.53091631399036,49.34936990769458,49.239767102856405,49.01872066401657,48.660034638988094,48.46433981397195,48.3195159166721,47.15403652597877,46.93311357868833,49.72740997491727,53.50280160539752,103.8203122229398,4.752574794339461
3,7200,29.6181420873965,33.130253257319815,33.429776320506626,33.35929805376101,33.23651651086706,33.162069139170235,33.012263782310136,32.77013601765685,32.63779177668901,32.540596561381946,31.757537696960306,31.607612101407245,33.4941065276501,36.03421750897782,69.91814494227881,3.5602335782342656
3,10800,44.25411410635556,49.49506005526642,49.94536571248299,49.84015728368654,49.65748812630948,49.54720858454962,49.3247931819864,48.96386743641963,48.76695058655692,48.62120897602013,47.448441487675126,47.22618528521586,50.03782455157763,53.83681740568194,104.46888619565875,4.752541932675769
3,14400,29.620411890774427,33.13278960769863,33.43233458522347,33.361857539822466,33.23906910061103,33.16461647333223,33.014795390539376,32.77264773351897,32.640293329525186,32.543089319533834,31.75996994759115,31.610032168020027,33.496669992054166,36.03697627922515,69.92349765127162,3.56024155202728
3,18000,44.254192828519,49.495147253565776,49.94545434638841,49.840248867475545,49.657577745539406,49.54730153586142,49.324893939885,48.96396839236661,48.76705275547659,48.621312968649946,47.4485427028037,47.22628662467484,50.037930339404426,53.83693072554257,104.46910570467637,4.752547167200397
3,21600,29.620224916156506,33.13258234020712,33.4321268706669,33.36164322314461,33.23885404297528,33.16440325633077,33.014586786275586,32.7724413804506,32.64008729771025,32.542885053329115,31.759771298956537,31.609834825963933,33.49646095719755,36.03675125781476,69.92306106570061,3.5602466577842686
4,3600,43.57012093059775,48.73900540510003,49.1876941770936,49.08439752123074,48.9019240428747,48.79366684205812,48.56386695042197,48.21327888111404,48.01686199509321,47.86966863364822,46.72204066308097,46.50400832213141,49.274610511752805,53.01221381199261,102.8929095663184,4.750879959787989
4,7200,28.681905827159863,32.08897560426209,32.382514466985214,32.31444656829202,32.19379784915654,32.12190341580242,31.969692304106623,31.738347766883365,31.608504237555103,31.51192722587756,30.75814592496253,30.61342683784392,32.44189938784981,34.90002978404634,67.73285093324014,3.5722338834069305
4,10800,43.83930775618731,49.03999816851409,49.49150967291664,49.38758290260033,49.20399465040427,49.09507938678155,48.86387196653224,48.511115307585314,48.31348583603024,48.16537290890639,47.01064509343005,46.79131136510957,49.578925611467454,53.33964438817242,103.52883723330568,4.750849398595536
4,14400,28.68424802617809,32.09159519373097,32.385158193970014,32.31708555870229,32.196422980149606,32.124523278377026,31.972299575756644,31.740935865317848,31.61108405406538,31.51449977908547,30.76065600035645,30.61592603090265,32.44454684924949,34.90287833928002,67.7383795215892,3.5722406254162635
4,18000,43.83935193375496,49.04004627568875,49.49155980477634,49.38763046243709,49.20403819574211,49.095119446588704,48.86391653836085,48.51116242940911,48.31353381926336,48.165419834139534,47.01069006568895,46.79135579259558,49.57897332504661,53.33969591167458,103.52893713783348,4.750854553179946
4,21600,28.684041374348524,32.09136483493819,32.38492600371309,32.31685616318339,32.1961979042685,32.12429590257956,31.97207237721444,31.740709786390028,31.610855668096114,31.514271245571287,30.76042803494007,30.615700552568043,32.44430970898724,34.90262238993281,67.73788336051203,3.572245065413736
5,3600,43.17917717227062,48.31006181163299,48.76154028895348,48.657609908207526,48.47713116883444,48.36340611172231,48.133366717321934,47.782669237080285,47.59279112517504,47.4381219162017,46.31060674461408,46.09552231902296,48.84332113762162,52.54499159031715,102.0093525389616,4.749253120163802
5,7200,27.853623545249,31.16784252903894,31.45724467158217,31.3901253262104,31.27316320426296,31.199167376110324,31.04984548124334,30.823065418113337,30.700065854355923,30.60056052480351,29.87481430800096,29.734848730615088,31.511924061653644,33.897557849051935,65.80179159668583,3.581948307710389
5,10800,43.44306844888851,48.605180937022965,49.05946163310607,48.95489048671796,48.7733147564696,48.658905907185016,48.42747618198662,48.07463616375733,47.88360349365799,47.72798264227495,46.59357108898646,46.37721577932823,49.14170322537046,52.866018261523465,102.63297576722144,4.749224727265258
5,14400,27.855919223217587,31.17041265400717,31.459839801760936,31.392714122809124,31.27574356388887,31.20174097413604,31.052403225302104,30.825607036943403,30.70259570118945,30.603082713848902,29.877276390111057,29.737299106922933,31.514519515713147,33.90035054152477,65.8072131980995,3.581954157399803
5,18000,43.44313486442977,48.60525629218077,49.05954093769267,48.95497223259498,48.77340359764416,48.65899883702115,48.42756824256983,48.074729224355536,47.88369531050105,47.728072660366806,46.5936579667184,46.37730233346163,49.14179511106902,52.86611762400302,102.63316909184138,4.749229830089867
5,21600,27.85573262467196,31.17020346151429,31.45962908971573,31.39250181528421,31.275530648352863,31.201530167845,31.052194246258217,30.82540097088648,30.70239072222856,30.602878128372826,29.87707644491149,29.73709998441262,31.51430872277233,33.90012373762046,65.80677234597097,3.5819581858148783
6,3600,42.80564013464828,47.90016010341044,48.35471544723755,48.25129825330676,48.06776197309953,47.94758457640955,47.72833448646863,47.3703502440679,47.1879767987395,47.030619721098105,45.91688626278928,45.70527629076949,48.43133712561785,52.09842966629461,101.16639429898191,4.747691382259017
6,7200,27.114754093208667,30.34625458230242,30.632362381317705,30.566763025590305,30.44995088132224,30.37318647694611,30.23337821562756,30.00604874287179,29.89001393004705,29.790579940809263,29.08658851023776,28.951311363050177,30.68259735918246,33.00334785544523,64.0808305602615,3.5899681630891576
6,10800,43.06569212475641,48.191042248602415,48.648407863039694,48.54436527460114,48.35972673526621,48.23883172563443,48.01826442266372,47.65810477015864,47.47462365559663,47.316298956317695,46.19579189443371,45.98293768877288,48.72545778569808,52.41485195799517,101.78120716679364,4.747664862226383
6,14400,27.11707009865952,30.34884575793708,30.6349795532302,30.56937095390878,30.45255049065735,30.375781114251325,30.23595783305532,30.00861370049136,29.892568725147235,29.793127302494188,29.0890745929762,28.953786370441904,30.685220095810976,33.006169602317684,64.08630938481835,3.589973379589316
6,18000,43.06578563263751,48.19114262596528,48.64851015357589,48.54446003452861,48.35981573174428,48.238917462342485,48.01834966516371,47.65819279814676,47.47471504795712,47.316392683987104,46.1958830029555,45.98302943422121,48.72555701155751,52.41495701897036,101.78141197105236,4.747669946498857
6,21600,27.11688690570078,30.34864207147573,30.63477459119703,30.56916948732333,30.4523508126052,30.375579213919394,30.23576176146924,30.00841468235004,29.8923690247124,29.79292712354067,29.088879390176366,28.95359193918741,30.68501368798745,33.005947434172924,64.08587801920744,3.589977096220489
7,3600,42.45142970358459,47.51190255571012,47.96907382305329,47.86596847255612,47.67686322977694,47.560147359812845,47.34436346708147,46.98069018473676,46.803750508587925,46.640209559782576,45.545799732774825,45.33640170101827,48.04144961064821,51.67600896674266,100.3679935142125,4.7461916143951415
7,7200,26.45098668995228,29.608511425290214,29.89155711108146,29.827215967301527,29.70882941126008,29.635458248207613,29.50008027399393,29.272904471752987,29.162131218720525,29.060452204343832,28.379956806310297,28.248239390782928,29.938168511815665,32.20075028128343,62.5359295797443,3.596617551455052
7,10800,42.70727266496566,47.798128011485865,48.25810169296939,48.15438419746934,47.9641490135067,47.846740885688746,47.62967502027404,47.26381141390159,47.0858076176645,46.92127239603607,45.82025896889217,45.6096401307988,48.330892868715694,51.98737959641771,100.97311592155448,4.746166848471981
7,14400,26.45331900700176,29.611123279598004,29.89419453029914,29.82983956058444,29.711446597523864,29.638066362412243,29.50267783237725,29.275482918548526,29.164700187809814,29.063012656713816,28.382456392056348,28.25072830461507,29.94080593170906,32.20358715478015,62.54143827228872,3.5966221922441663
7,18000,42.707341533595134,47.79820532025906,48.25817931514806,48.15446370953956,47.964231048330376,47.84682234684391,47.62975530101577,47.26389197027066,47.08588776457663,46.9213496114244,45.82033509421817,45.60971481819912,48.33097144033472,51.98746468306844,100.97328116929567,4.746171858948885
7,21600,26.453178066885588,29.61096273036665,29.894033808905697,29.8296830758484,29.71128888350705,29.63791094680164,29.50251824858787,29.27532441937793,29.164542368622257,29.06285785310348,28.382303910587524,28.25057900305556,29.940645927477224,32.203414966993826,62.541103924794335,3.5966256098074982
8,3600,42.11010205615322,47.13833859955736,47.59883059880516,47.49290547335968,47.2967984415389,47.18888297182325,46.97294838073161,46.60560373789595,46.43358098081346,46.2667088950503,45.18709333643975,44.98030902726777,47.66522394890416,51.26864027000542,99.5990232047345,4.744751849543622
8,7200,25.8507566232798,28.941873964588773,29.22276780928025,29.15763832351169,29.0366793511604,28.969784286245208,28.83629013989411,28.61019409164444,28.504062599698685,28.401819177775025,27.74042152654903,27.61224219159668,29.264864579515848,31.47491765510511,61.13992804119846,3.6021707596550225
8,10800,42.36234897055114,47.42059219204664,47.88388418522434,47.77732485379877,47.58005282841212,47.47150198174845,47.25428858781524,46.88474771279354,46.71169917274181,46.54382071288157,45.45773045827426,45.24974770843333,47.95065038050343,51.57567257510227,100.19583894534298,4.744728670844208
8,14400,25.85305660612419,28.94445017385792,29.22537187465093,29.160231503815588,29.03926633596844,28.97236303089408,28.83885608591837,28.61274088402135,28.506599172215545,28.404345503384743,27.7428885290306,27.61469792573092,29.267466937894667,31.477716875152787,61.14536501180169,3.602174910306427
8,18000,42.36267866165744,47.42096435250868,47.88426144279333,47.777706762993375,47.58043605523778,47.47188534061878,47.25467084066952,46.88512687072193,46.71207696686899,46.54419743200741,45.4580982092416,45.25011357291169,47.95103813236518,51.57608955074076,100.19664903733856,4.744733565254063
8,21600,25.85289228499198,28.9442643408909,29.22518020883069,29.16004244593248,29.03907728033122,28.97217355722809,28.83866871435382,28.612557738503696,28.50641934284286,28.404168767142902,27.74271859310341,27.614527707677432,29.267285971481613,31.477522263676093,61.14498660958918,3.602178047701372
9,3600,41.78584908671569,46.7833437896559,47.24571054579427,47.13726056524093,46.941228484381824,46.83381479733082,46.61877425405647,46.25104847331174,46.08186001693811,45.91338382259004,44.84640508411976,44.64243338184451,47.30901525515853,50.882410378301934,98.86892924648792,4.743369047419532
9,7200,25.305199751066148,28.33596551527048,28.61418885855804,28.54840224100253,28.429111020705463,28.363403623066123,28.232239318347588,28.00894061535144,27.905941833873243,27.80409082668424,27.159252727621947,27.03449917876869,28.653707434201173,30.81573290979048,59.87175324249044,3.606837545267569
9,10800,42.03493189550924,47.06210403713861,47.5272691712662,47.41817352988388,47.22098463829276,47.11294230664172,46.89663343645848,46.52671848840241,46.35652501551916,46.187036887550384,45.11368978185955,44.90854215460009,47.590927543213695,51.18564428923527,99.45847323478188,4.74334728137032
9,14400,25.3075000696914,28.338539772924754,28.61678933474893,28.550991557877445,28.431687531199948,28.365975068080004,28.234799657075325,28.011482419226844,27.90847488124638,27.80661338720996,27.16171605832124,27.036951108814588,28.656306617333737,30.81852880327309,59.8771857569629,3.606841313786647
9,18000,42.03521953567847,47.06242556557639,47.52759499896307,47.41849799978061,47.22130746910798,47.11326682564388,46.89695893161945,46.52704182650615,46.35684400039455,46.18735238463488,45.11399761108258,44.90884767525753,47.59124980687238,51.18599154063815,99.45914829902677,4.743352100129383
9,21600,25.307341481168244,28.33836323264112,28.616610842421103,28.550816449724586,28.431513524690345,28.36579878200451,28.234622402225185,28.01130734017426,27.90830052135721,27.806441409830946,27.161548148641973,27.03678460258876,28.656129352685014,30.81833777180804,59.87681365822623,3.606844235622911
10,3600,41.47760088643597,46.44507568808363,46.9092203329411,46.79476788720092,46.60170720287449,46.49489478601501,46.280832544758965,45.91418214786891,45.7392259826465,45.579366600013074,44.52188503423676,44.32140044352198,46.97022474126511,50.51435251768167,98.17373633147352,4.742040955874496
10,7200,24.80789107576529,27.78322717141387,28.059071222672603,27.990489136241848,27.874439082015687,27.809884979067785,27.6809093988082,27.460984309606545,27.355802282673658,27.260346296594253,26.629144454618327,26.5080185671166,28.09658806233879,30.214369370745715,58.71542073612909,3.610783567260284
10,10800,41.72323125564252,46.72001283238259,47.18694734391633,47.0718212392988,46.877627713566326,46.77019134589156,46.55487454007216,46.186057751511385,46.01007075693275,45.8492612335548,44.78551030031967,44.58387768454659,47.24829842544664,50.81343364436205,98.75531748263714,4.742020603339743
10,14400,24.81018729453599,27.785798598615827,28.061668640159795,27.993083123157625,27.87702339297821,27.812464720608105,27.683478573618643,27.463534830873755,27.3583446716346,27.26288111985937,26.63162015678261,26.510483686254105,28.099199992902143,30.21717857145486,58.72087909588354,3.6107869968847934
10,18000,41.723504739021685,46.72031924099716,47.18725761120517,47.07213066265134,46.87793900988151,46.77050402584234,46.55518657555872,46.18636694488019,46.010377418040505,45.84956610442848,44.78580793675448,44.58417393926104,47.24861018766188,50.81376954589475,98.7559701406187,4.742025375933299
10,21600,24.81004767473321,27.78564184596956,28.061510330145545,27.99292168595978,27.876861852441543,27.812302623378105,27.68331680599441,27.46337297706908,27.35818301567849,27.262720993368383,26.63146181442869,26.510327038115747,28.09903438920476,30.21699945512731,58.72053116809517,3.610789715085061
11,3600,41.18471636525704,46.12057893841809,46.58593853613176,46.466991094556434,46.27662566059392,46.1699616917073,45.95698710098949,45.59281862281185,45.41405904260152,45.255818593629456,44.21276625230684,44.01500504691026,46.64651159825061,50.16301156414728,97.5091273808011,4.740765522275575
11,7200,24.35266531132912,27.275476060360525,27.54889853245785,27.47843600210293,27.365287955875964,27.30154203582829,27.17465770392388,26.95867819693808,26.852425020715643,26.758999453421623,26.14347857876717,26.02535216178198,27.585626979469225,29.66298996448637,57.65486046858341,3.614146432195932
11,10800,41.42790751851911,46.39280830620099,46.86095893974182,46.74131342813871,46.549837207827096,46.44255340790621,46.22833331267711,45.86201902138532,45.6822114795653,45.52303484333453,44.47381813028748,44.27492755664413,46.92188335102448,50.459168112832,98.0851199806403,4.7407463823911
11,14400,24.35496985593824,27.27805679807901,27.551505611028,27.48103676758168,27.36787865456805,27.30412830232128,27.17723226196256,26.961232717653857,26.854968756380742,26.761534001168787,26.145953050494093,26.027816168561777,27.58823822174692,29.66579858455696,57.66031946939016,3.61414960756082
11,18000,41.42812933423798,46.39305643716504,46.86120944672053,46.74156259885705,46.5500843384809,46.44279976554964,46.22858044983069,45.86226468922602,45.68245659366373,45.523278889633104,44.4740562852006,44.27516456276869,46.92213463166084,50.459438299304296,98.0856456577558,4.740751091961889
11,21600,24.35482968038892,27.277900928482744,27.55134882106305,27.48087757039304,27.36771780315756,27.303963530917883,27.17706933170452,26.961070161256817,26.85480732189734,26.76137466202332,26.1457974322346,26.027661866897567,27.58807432210448,29.665621778553625,57.6599748606708,3.614152174495844
12,3600,40.905699565657024,45.81078784025959,46.27778393877679,46.15039289490667,45.96987217416838,45.85949481646082,45.649340159216194,45.285894936096426,45.10990738592295,44.94678064132985,43.91824155306152,43.722953402303766,46.3379759289014,49.82870896566144,96.87701227177932,4.739540507075785
12,7200,23.9337991801876,26.80791484002392,27.079427027198143,27.00474342088041,26.89853501081212,26.83326371064861,26.709351225463752,26.49603572234313,26.3925020518966,26.29718031289339,25.69660330870147,25.581167313016472,27.115422436807684,29.15589738836552,56.679804897572254,3.617047926831392
12,10800,41.146395987934056,46.080244453105614,46.55003413045007,46.421895637394485,46.24032405626633,46.129305300511405,45.917924234178855,45.55234473339704,45.37532835480376,45.21123914897234,44.17664361995304,43.98024364316885,46.61056456520382,50.1218576740167,97.4472523123526,4.739523023799288
12,14400,23.93607408565267,26.81046178560406,27.08199935810456,27.007310591866467,26.90109225012932,26.83581742306549,26.711893787222568,26.498558253383848,26.395014795233017,26.29968324917094,25.69905002860169,25.583602698084626,27.118003031556224,29.1586726770022,56.685199418411855,3.6170511521434094
12,18000,41.14627963390628,46.08011446169917,46.54990194251138,46.42176403288785,46.24019392621274,46.1291790284819,45.917802198580304,45.55222266371542,45.37520338099596,45.21111159186234,44.17651686141456,43.98011725401468,46.61043214910396,50.121715310494565,97.44697490050206,4.739528199686475
12,21600,23.935901455608768,26.81026834695931,27.081804180164468,27.0071147399909,26.900897301421693,26.83562330882373,26.711699654708504,26.498365824300635,26.39482170653234,26.29949011143689,25.698861308571168,25.58341371819973,27.11780267424848,29.158458064396044,56.684782328906046,3.617053851905448
13,3600,40.63795300536701,45.51464916779364,45.98184613469082,45.853037556329895,45.67416860187674,45.56320004637999,45.35538255715596,44.99302577662925,44.81903648784858,44.65426985547008,43.63740019055847,43.44446978995487,46.0437163746344,49.50956024488977,96.27243945107789,4.73836399835932
13,7200,23.54637775604112,26.37612825784099,26.645120177982143,26.570337966111826,26.466102490198647,26.40111242581606,26.27974125336912,26.06910395092796,25.96771604095849,25.87234971641406,25.284356806691623,25.17141172540066,26.68163747353602,28.68787940143949,55.779414574702415,3.61957171145825
13,10800,40.8764795797304,45.78169856247968,46.2516793251416,46.12211725756366,45.94220866623036,45.83059949130832,45.62157580389202,45.25709626643018,45.082092029405175,44.91635520929572,43.89351105077246,43.6994846640717,46.31390150145283,49.80010801168474,96.8377065702445,4.738347598407649
13,14400,23.548648551572864,26.37867061362677,26.64768995899465,26.572902104333664,26.468654712519104,26.403658239339627,26.282275534003524,26.071619029525813,25.970222177970623,25.874848820296567,25.28679909858201,25.173844516987565,26.684214514601216,28.690650579374434,55.78480268608905,3.619574749841958
13,18000,40.87653631101862,45.78176104472197,46.25174459421315,46.1221830950433,45.94227580791571,45.83066409475873,45.62163631668655,45.25715832758887,45.08215706001559,44.916422332997655,43.8935775482636,43.69955160279161,46.31397232588425,49.80018347765604,96.83785323170709,4.7383527118703945
13,21600,23.5484912694167,26.378495236275025,26.64751130568084,26.5727215521191,26.468475596603163,26.403479893673456,26.28209759060709,26.07144025286712,25.970043959512424,25.87466912314197,25.286622663294125,25.173668008264144,26.684027824616475,28.690451003984457,55.78441388058714,3.619577334948023
14,3600,40.38444145318677,45.23317748184833,45.69911941667685,45.57144926226241,45.39291294171904,45.28226602944068,45.0765972727397,44.71595244301004,44.54510610193552,44.376737962925525,43.3695502211304,43.1802432587404,45.76431460114911,49.20683115627891,95.69992800391636,4.737233927745788
14,7200,23.18793639453473,25.976032647246512,26.2418698708789,26.16841351869008,26.06530625245989,26.00107072360728,25.8820103605328,25.67425473035372,25.57554735921771,25.47896316174369,24.901840584093925,24.792004940875465,26.279862625239,28.254559246099657,54.9464048774538,3.621730937761475
14,10800,40.62072034216634,45.497719346158334,45.96642414130912,45.83800886465079,45.65843813651999,45.54715514752713,45.340297294756326,44.977545573000015,44.80570638962895,44.63634947965916,43.62326606955243,43.432886309392885,46.03198925816679,49.49466634553451,96.26000491474056,4.737213161546334
14,14400,23.1903789243139,25.978768951144524,26.24463303226746,26.17116864625836,26.06805286611379,26.00381263679432,25.884738961708774,25.67695991312612,25.578240463804875,25.481645156356056,24.9044606623432,24.794613370964747,26.28262897185965,28.257533187018645,54.95218900276277,3.6217311773337904
14,18000,40.62072791473032,45.49773158947585,45.9664405693451,45.83802891424739,45.65846177156996,45.54717909147571,45.34031863913152,44.97756519993653,44.805725503359525,44.63636884921372,43.62328395127052,43.43290475051343,46.032009005193856,49.49468730214214,96.26004602098024,4.737212831080017
14,21600,23.190383383015,25.97877358241021,26.244640112391643,26.171175196213007,26.06805588970091,26.003813920393064,25.884741936496617,25.67696440478219,25.578245925586813,25.48165109114221,24.90446735890541,24.79462017333738,26.28263515942381,28.2575401302568,54.952201937244695,3.621731020600845
15,3600,40.14054735682024,44.961871306467415,45.4240464040544,45.30035162959386,45.1224982722251,45.0127885756113,44.80892588792003,44.44961615392453,44.28294910715111,44.11017672995349,43.11359382171277,42.92721967862846,45.49608728596526,48.915747978876034,95.15022236123065,4.736148771127201
15,7200,22.85437852619288,25.60343480543817,25.86489981544524,25.7943167386171,25.692442607646264,25.62926089448592,25.51221865268716,25.306941948800144,25.211448542112933,25.11313170635715,24.546893192076,24.439658052281068,25.906365742487047,27.851455992414703,54.17209837894372,3.623668928405943
15,10800,40.3748210409622,45.22417997633089,45.68908538102346,45.564667769308365,45.385782919216126,45.27544362197663,45.070409986966816,44.70901060050606,44.54137051858412,44.367581950328514,43.36517316613648,43.17774577564967,45.76152139356803,49.20115797226106,95.70567057880582,4.736129028232063
15,14400,22.856813605604625,25.60616070866651,25.867650713739955,25.79705851423142,25.69517217903483,25.631984318181463,25.51493084304466,25.309633979643383,25.21413005772996,25.11580205446357,24.549503924378293,24.442257024012747,25.90911916260624,27.85441664658572,54.17785699010192,3.6236691303661135
15,18000,40.37483060859991,45.22419591349635,45.68910772435113,45.564694103472426,45.38580995566407,45.27546778090488,45.070427071366126,44.70902440465291,44.5413870691886,44.36759990449765,43.36519464671002,43.17776610486434,45.76154147649069,49.20117999990214,95.70571366129565,4.736128713288141
15,21600,22.85681525767024,25.606162634057952,25.86765431455776,25.797064253778974,25.69518304666952,25.631998736655007,25.514944981796248,25.30964418458864,25.21413783190216,25.115808685557,24.54950893373597,24.44226245305397,25.909126647301456,27.85442431528661,54.1778716047423,3.6236689862182665
16,3600,39.90784072094064,44.70192785032147,45.16472151490024,45.04194603764142,44.864779228005126,44.75591396779613,44.55355668093807,44.196571619577725,44.03178937998371,43.85736396198217,42.86924549162022,42.68565512624806,45.23995037908415,48.6374330853702,94.62482573284404,4.735106658690042
16,7200,22.545515245367994,25.257842475080352,25.51761664321669,25.44808822725212,25.34738631449587,25.28516454917581,25.169863451158697,24.96746966914668,24.87376238122163,24.775260201042546,24.218198009835188,24.11337776834308,25.560464938352865,27.477913227211253,53.45485732881508,3.6253773389255817
16,10800,40.14023616725338,44.962144737190044,45.42767731440558,45.30418952990201,45.12600156122013,45.01651130891739,44.812985201613095,44.45392490380876,44.288187743647605,44.11274306360441,43.11886726770299,42.93424099953658,45.50332649085429,48.92061329955676,95.1760206181366,4.735087882141938
16,14400,22.547937079376705,25.260555065268143,25.52035737594447,25.45082100575412,25.35010863550212,25.287879493872587,25.17256490262676,24.97015062887496,24.876431977236944,24.77791940207253,24.220798080977254,24.11596692077252,25.56320797278024,27.480863147436125,53.46059479554041,3.62537750802188
16,18000,40.1402469259487,44.96215430393455,45.42768364387767,45.304197975479,45.12600694957668,45.01651504387604,44.81299053094392,44.45393400257004,44.28819708466825,44.11275276994655,43.118875065103126,42.93424956701938,45.50333630202852,48.92062335382735,95.176039770404,4.735087588072872
16,21600,22.547267768962428,25.2598059286203,25.519601215625126,25.4500664817224,25.349357942212883,25.28713207232743,25.17182165766108,24.969415014130576,24.875700805283834,24.777191073886577,24.220088270039486,24.11525964409183,25.562457993194457,27.48005673633062,53.45902576536787,3.625377301961623
17,3600,39.68370015927049,44.45273621939259,44.91718635479771,44.79568274257341,44.61864724479925,44.51061695695873,44.30940332293554,43.955469416912536,43.79163740863069,43.61588836376424,42.63654758865312,42.455247575263805,44.9956626790874,48.37246689693892,94.12267281814648,4.73410596446765
17,7200,22.25572106245018,24.934229584995016,25.19304515580958,25.12472831417012,25.02482413729017,24.96351249021,24.849678445230463,24.65044054449356,24.557933246359475,24.45938842043968,23.91130358710548,23.808542750682697,25.23730956986641,27.12918991418959,52.78423849193696,3.626888027093957
17,10800,39.91304711505934,44.70954623454206,45.17671312043071,45.05450898103392,44.87646458004381,44.767824228842926,44.565461232025456,44.209481691766605,44.044705884626325,43.86793796616862,42.88293033266494,42.70061729948252,45.25563352315888,48.65197018012097,94.66678168171036,4.73408864776362
17,14400,22.25811418386975,24.936909829834185,25.19575080766832,25.127425789132964,25.02751370845342,24.96619588228706,24.8523477429311,24.65308741811935,24.56057203942326,24.462017351956607,23.91387515414068,23.81110345650056,25.2400218750225,27.13210585919785,52.78991090358645,3.626888382537732
17,18000,39.91313411569529,44.70964462704637,45.17681286453525,45.05460766066776,44.87656266937682,44.76792235750955,44.56555818271083,44.20957784010558,44.04480486250333,43.8680382189615,42.883030515713685,42.70071669962445,45.25573684582277,48.65208193097983,94.66699871363632,4.734088818705765
17,21600,22.258098814293675,24.93689294223234,25.195736203627035,25.1274122213407,25.02750126405841,24.96618516737915,24.85233889099934,24.65307854196486,24.56056164481832,24.46200643359125,23.913862404233125,23.81109052127704,25.240010277570995,27.13209295554224,52.78988653995723,3.626888470549606
18,3600,39.47047942307814,44.21402840681435,44.68110824919761,44.56014812023383,44.38429372748607,44.27765501981196,44.07685058663011,43.726285989858425,43.56247909144612,43.38484330688679,42.41498334335181,42.23611942669416,44.763213441888055,48.11967422554562,93.64332031741397,4.73314509785873
18,7200,21.984767911376903,24.63073672398236,24.889256934882923,24.8217009779838,24.72312597061894,24.6629943359578,24.55014898969948,24.354132966360908,24.262248639269814,24.163316128949983,23.62426332457996,23.52357076204752,24.935143668454216,26.80274095211244,52.15636400263692,3.6282276092272383
18,10800,39.699393718655486,44.47035929252384,44.94018449522574,44.818525331857856,44.64165918453497,44.53440908438506,44.33245166854612,43.97985992744708,43.81510699380753,43.636435115499566,42.66094591010021,42.4810760121315,45.02274318159307,48.39868898590728,94.18654556702094,4.733128540835093
18,14400,21.98716121891546,24.63341753678901,24.89196389790942,24.82440034090405,24.72581764368692,24.665680185928544,24.5528224965219,24.356781847412627,24.264888903359807,24.1659460835426,23.6268337332731,23.526130702530413,24.93785654190116,26.805657306952853,52.1620376589825,3.628227936788464
18,18000,39.69825942311864,44.46908996757489,44.93890236192405,44.81724386472549,44.6403798588532,44.53312954902357,44.33117485770181,43.978594092365256,43.813846290666405,43.63518124004716,42.65971960621553,42.47985557154386,45.02145071109176,48.39729888688959,94.18383768414807,4.733128806888832
18,21600,21.987143445058216,24.633396083820337,24.891942093528726,24.82438261606158,24.72579957602368,24.66566174349826,24.552803163980823,24.356761883815608,24.264868899593186,24.16592486623166,23.62681260664293,23.52610949044759,24.937834044510552,26.80563337700906,52.16199178156069,3.628228025947909
19,3600,39.2668965545113,43.986649013684826,44.45440601212114,44.33579386152684,44.16075352121012,44.05466592324045,43.85534723485127,43.50780279231519,43.34451264003082,43.16517825915891,42.202562971831775,42.02619097861657,44.540908355595874,47.877958082010736,93.18562188234826,4.73222256788682
19,7200,21.732418850382626,24.348379810479248,24.605633071901124,24.53979848060024,24.44229562817548,24.382842519789943,24.27151734410726,24.078404108679976,23.987357851091765,23.88810246476517,23.35649441417563,23.257825970449787,24.65357540339067,26.49854565656879,51.57176099669258,3.629418244744945
19,10800,39.494227618786255,44.24120830845217,44.71170419035165,44.59240637296762,44.41636482373303,44.30967500446137,44.10921190819202,43.759654008859215,43.59542546328724,43.415050717863366,42.446858518299,42.26949914456343,44.79869401434817,48.155079693014585,93.7252284468245,4.732206817854879
19,14400,21.734806581454,24.351054111073367,24.60833424977517,24.5424936579816,24.44498027031193,24.385520301324384,24.274181595391653,24.081047137470595,23.989990872690004,23.890724473403587,23.359056785532083,23.26037734731635,24.65628076525204,26.501453751913964,51.57742043335495,3.6294185452032495
19,18000,39.49425789455472,44.24124217539008,44.71173720188956,44.59243889092778,44.41639847960366,44.30970977270477,44.10924768244688,43.75969127720668,43.59546143418281,43.41508702879679,42.44689378984863,42.269534512985565,44.79873232637374,48.15512046876437,93.72530782563533,4.732207007856047
19,21600,21.73479584580416,24.351042149462344,24.60832318025801,24.542481433426392,24.44496660313247,24.385506809173968,24.27417025697897,24.081036011085,23.989980491556587,23.89071419637557,23.3590471191797,23.26036776443276,24.656270396293827,26.501442386187883,51.577398394085535,3.629418635183115
20,3600,39.07080772492603,43.768676703868834,44.23606902278011,44.12203454436892,43.94681260795883,43.84130745595098,43.64450337599538,43.298186130082826,43.13672950290433,42.95539620123631,41.99949908292939,41.82615975708681,44.3293226512136,47.64770918614656,92.74826513536344,4.731336952712118
20,7200,21.493517603639127,24.0816359167286,24.337154720882133,24.27422124045621,24.1771956393132,24.11840235418452,24.009113577164207,23.817820596137413,23.72831537128797,23.62853808749109,23.10385632228293,23.00744144889065,24.38841692518534,26.21197799065581,51.02028945516585,3.630478276267776
20,10800,39.2966342862434,44.02156509237998,44.49169420878076,44.377001546001125,44.200772573813786,44.094663954408574,43.89673665662846,43.54842602689028,43.38604187103701,43.20365670578414,42.24222937468194,42.06791993518214,44.58547049262477,47.92305470046955,93.28447022013084,4.7313219625775895
20,14400,21.49588581568079,24.084290510642354,24.339840113604108,24.276898143394767,24.179861994760834,24.121065630758302,24.01176825087932,23.820452905661565,23.730937137969136,23.631148942710816,23.10640869011285,23.009983421426025,24.39111081655649,26.21487383786804,51.02592577360839,3.630478552731447
20,18000,39.296645719221935,44.02158018575828,44.49171001225397,44.37701542708084,44.200784693075,44.09467637802992,43.89675127038579,43.54844072741441,43.386053882212,43.20366822045428,42.24223957257961,42.06793014199705,44.58548268357119,47.92306786968457,93.2844960851702,4.731322157786889
20,21600,21.495887619342547,24.08429144964636,24.33983684828973,24.27689534088525,24.17986026124126,24.12106129883968,24.01176118597416,23.820446588078067,23.73093159002573,23.63114483489217,23.10640726805841,23.009982233226324,24.39110686884202,26.214869980263053,51.02591714621001,3.630478642709544
21,3600,38.88378349117986,43.55969822716581,44.03183354438079,43.919168939649154,43.74279049404097,43.63733748614543,43.44248932993105,43.097557461580536,42.93921937003788,42.754238091583886,41.80638473549905,41.63543266783406,44.12707064651828,47.42800542554444,92.3308250573773,4.730486864747449
21,7200,21.270551891842267,23.83210608507037,24.08880219135809,24.02694983201618,23.92982755495944,23.871381258647,23.763763489556503,23.574278657916818,23.486966115334788,23.385733323437204,22.868412912268045,22.77385022785944,24.14076286049285,25.944521439528977,50.50561172673095,3.631423391355
21,10800,39.10823152699719,43.81104454426274,44.28593456340799,44.17261751360675,43.99522871934833,43.88917736162851,43.69321825291077,43.346300723697695,43.18705542576048,43.00100536814936,42.04767579720817,41.875770205122464,44.381711280427766,47.70171588548607,92.86389852107938,4.73047259723422
21,14400,21.272927596378867,23.834767501695843,24.091492527479783,24.029633544719616,23.932500482080528,23.87404727959649,23.76641841839694,23.57691291433649,23.489591057704946,23.38834824839152,22.870969960241897,22.776396991341656,24.14346084747743,25.947421798666625,50.51125677477175,3.631423624798927
21,18000,39.108246473831166,43.81106129010056,44.28595307565669,44.17263937332744,43.99525508440493,43.88920588955989,43.69324602184885,43.34632873356634,43.18708303202055,43.00103224158127,42.04769977677732,41.87579493758045,44.38173903862997,47.7017453665602,92.86395551956028,4.730472799791412
21,21600,21.273498634336903,23.835406538863225,24.09213876109609,24.03027955086054,23.933143572202543,23.87468853640482,23.76705521826351,23.57754369854652,23.490218829418524,23.388972942616927,22.871580373984948,22.77700478731996,24.14410575210469,25.948114713284863,50.51260593760427,3.631423742611991
22,3600,38.70600473536104,43.35977433194908,43.83735875121002,43.72417183053454,43.547941989116254,43.44281839323367,43.25095322026255,42.906764509042816,42.750802272764446,42.562053272258254,41.6238805117145,41.45404688914296,43.934178006374005,47.2171217540534,91.9320331903303,4.729695506813465
22,7200,21.0602683652138,23.59607083062908,23.85437389122568,23.79256085023706,23.69602890284444,23.638066206777857,23.53263358780344,23.34454004822169,23.25896967338629,23.1562048692724,22.646927900839536,22.553485475101205,23.906832318214008,25.69115203405642,50.01911538167924,3.6322676234278455
22,10800,38.92881865858996,43.60928825369177,44.089654628753394,43.97581879460003,43.7985869585649,43.69286961152005,43.49991102371284,43.15374409935767,42.99688837160471,42.80704840769148,41.86346917980954,41.69268896828165,44.18701780169104,47.48887680488114,92.4613604742422,4.729684129649284
22,14400,21.06256451660207,23.59864280759304,23.85697478940037,23.79515465215635,23.698612550911925,23.640643182088823,23.53519962014137,23.347086059835547,23.26150669295776,23.158731068012933,22.64939874936092,22.55594670337985,23.9094393160493,25.69395425951003,50.02456969718272,3.6322688124161058
22,18000,38.92912634286074,43.60963415139753,44.09000837154683,43.97617158013975,43.79893654528304,43.69321845604078,43.50026143229928,43.15409308097969,42.9972366902801,42.80739578551109,41.86380979973809,41.69302828236013,44.1873767394048,47.48926311638536,92.46211185034392,4.729686540218797
22,21600,21.062495500343488,23.598565295749985,23.856896197099125,23.79507793746865,23.698535786216617,23.64056634262667,23.535122293639176,23.34700894526616,23.261429820078924,23.15865438821488,22.649322993772977,22.555870761167448,23.90936025528967,25.693869059395222,50.02440447180338,3.63226985360437
23,3600,38.537519752946245,43.16734721245713,43.652648715180014,43.53754674995555,43.361961775007046,43.25741009802591,43.06759716856917,42.72517414294192,42.56994724198479,42.37861769726816,41.44868036137565,41.28076079456585,43.75032155908455,47.01705075731828,91.55152379976414,4.728912683499555
23,7200,20.86346399450898,23.373568344267767,23.63476045042901,23.57221215343867,23.476504798815306,23.41912650160405,23.31532026712511,23.12910489915273,23.044345940506275,22.94068297830931,22.438420446351948,22.346496127296696,23.68733180600436,25.453908959025227,49.56242847430383,3.633020438906714
23,10800,38.759389588795386,43.4157868766346,43.903916872969134,43.78814989113652,43.611558955873264,43.50641165718572,43.31551893112306,42.97113476449863,42.815019594977166,42.622583376705,41.68728587131741,41.51843017065822,44.00213075778906,47.28768424570822,92.07871453378104,4.728901954099039
23,14400,20.86575690243892,23.37613649831017,23.637357262062345,23.574802327038974,23.47908436000156,23.42169970533743,23.3178825711882,23.13164759184985,23.046879843507867,22.943205655990603,22.44088800206053,22.34895383162496,23.689936055040626,25.456707795373152,49.567877813398,3.633021603181248
23,18000,38.7594243266491,43.41582703841247,43.903958174375774,43.78819227757255,43.61160236532135,43.50645638662513,43.31556440672789,42.97117931708006,42.81506352922212,42.62262753185724,41.68732910198287,41.51847339954496,44.00217645334068,47.2877330246348,92.07881011133608,4.728904367474937
23,21600,20.86568247698296,23.376053197238683,23.637272842535232,23.574717767400927,23.47900018130569,23.421616012666792,23.31779937783656,23.131564979585377,23.046797338165256,22.943123511936463,22.4408076293788,22.348873742589703,23.68985121741037,25.45661658138784,49.56770004395792,3.633022635522283
24,3600,38.37473960899142,42.98228942210882,43.47751645725691,43.36002339474749,43.18438416692262,43.081720843074194,42.89323519867065,42.55156778448461,42.397284714890816,42.203607870667824,41.281595243239735,41.11582946987781,43.57514181125531,46.82629035344591,91.18855324081956,4.728161607170043
24,7200,20.67612032540263,23.16218926898861,23.427492045945627,23.36395475785952,23.26865943485933,23.21256414288525,23.109953494261497,22.925008133310595,22.84114653009739,22.7366954124898,22.24111176770228,22.15080094503439,23.47970412254812,25.229430410017883,49.13022752757553,3.633692439661643
24,10800,38.59541835941874,43.22937801529046,43.72748894367162,43.60932573937309,43.43268951155677,43.329448859398255,43.13989182328858,42.79626265295043,42.64109668689704,42.44630400667776,41.51898445784826,41.35229685345288,43.8256752666662,47.09553796244366,91.71308688508392,4.728151490906447
24,14400,20.67840345076874,23.164746363596933,23.430078906550776,23.36653484023884,23.271229562111785,23.215128495563263,23.11250675522172,22.927541484131417,22.8436710060151,22.73920838682137,22.243569793852195,22.15324909582832,23.48229851766393,25.23221865119765,49.13565574110915,3.633693581413844
24,18000,38.59549402734021,43.22946350719726,43.727573670723736,43.609407564811015,43.43276676233195,43.32952196051728,43.13996366156689,42.79633532106999,42.64117033548236,42.446379461339,41.519057090975,41.3523701087754,43.82575423900039,47.09562244194168,91.71325195348956,4.728153904233306
24,21600,20.67833119744825,23.164665282759145,23.429996366806,23.36645268759717,23.2711476427283,23.21504671956515,23.11242560222924,22.92746100483728,22.843590714761305,22.73912849206216,22.24349151562472,22.15317109917155,23.48221596045785,25.23212991758401,49.135483886894654,3.633694605820502
25,3600,38.220519858364455,42.80504881615281,43.3105602518832,43.19030261000471,43.015479075001466,42.91495425841318,42.72589183707653,42.38687258351456,42.23231369366745,42.03692360975572,41.12186965505142,40.95853479291616,43.40789664439015,46.64400495228401,90.84167896820232,4.727441128725276
25,7200,20.49904970424632,22.961384371831805,23.231002581506893,23.16626766421837,23.071831484703708,23.01712749737772,22.914660116284782,22.731958839201383,22.648315308958328,22.543406382003504,22.053822229460057,21.96523987459413,23.28273470897974,25.016390765988174,48.72003842335306,3.634291989026363
25,10800,38.44004523168784,43.050820844505694,43.55927487840316,43.43833613907489,43.262517368487565,43.16142299161089,42.97128981173866,42.63033108045326,42.47488999411188,42.27837528317828,41.35805982970163,41.19381660896441,43.657171144285634,46.911884365042646,91.36358961326512,4.72743159681855
25,14400,20.50133061773563,22.9639393404845,23.233588613611783,23.168845967907743,23.074399132638497,23.01968890210398,22.91721039406975,22.73448979088854,22.6508387806654,22.545918667399505,22.05628122402541,21.96768926807694,23.28532853062005,25.01917824353617,48.72546573178226,3.634293110525197
25,18000,38.44008529936383,43.0508652788421,43.55931511938297,43.43837160646069,43.26255212997235,43.161458295579166,42.97132350659843,42.63036299134343,42.47492139785908,42.27840771324014,41.358091868647634,41.19384913313708,43.65720671372638,46.91192282601797,91.36366502027798,4.727434011994687
25,21600,20.501255127437503,22.96385470180306,23.23350278683528,23.16876037075221,23.07431504448036,23.01960642593904,22.917128864297865,22.73440859512132,22.65075696761036,22.545836949680687,22.05620022950517,21.96760832511088,23.28524403407571,25.01908725929872,48.72528897859333,3.634294127273081
26,3600,38.07178055640417,42.63485882833267,43.151794295819926,43.028855659748544,42.85468400490334,42.75436266475147,42.56586966489489,42.2285371047969,42.07482592385888,41.87861588454739,40.969539221627294,40.80892140035793,43.24869688079324,46.47045290915686,90.5094044897522,4.726750155093694
26,7200,20.331299988794697,22.77152818644285,23.0460949662608,22.980200304904365,22.88651209370915,22.83214229239382,22.73040677550044,22.54937248768725,22.466527637015894,22.361617571493504,21.877345475329943,21.79060873446732,23.0973002186578,24.815802376755613,48.33277097834346,3.634826366189297
26,10800,38.29017053540759,42.87934088147777,43.39927419189013,43.275632298894585,43.10047082819629,42.99958304685471,42.81002116951797,42.47075984903914,42.31617169789338,42.1188339520947,41.20453675869582,41.04302812025671,43.49672388407439,46.7369772965163,91.0287037842515,4.726741178458155
26,14400,20.33357732945056,22.77407891115694,23.04867796025937,22.98277533247115,22.889076322430704,22.834700761275386,22.732954512166565,22.551899534679528,22.46904452609557,22.36412218898885,21.87979502221651,21.793048555601715,23.09988624156705,24.81858118369401,48.33818269553076,3.634827468990318
26,18000,38.29041252829799,42.87961312451333,43.399554976256624,43.27591404343664,43.10075160635256,42.99986399033891,42.81030224142685,42.47103849234048,42.31644958757953,42.11911127490585,41.20480925874058,41.04329938444032,43.49701026187516,46.73728599118676,91.02930449076368,4.726743583503546
26,21600,20.33350264283582,22.77399532317529,23.04859206130432,22.982689380096044,22.888991144351262,22.834616133093725,22.732870549136138,22.55181707647941,22.468962914267,22.364041528906984,21.87971469771136,21.79296895991993,23.09980328201725,24.81849154043647,48.33800755542054,3.6348284786111007
27,3600,37.92829471178544,42.47367535431455,42.99929601729042,42.87577830453678,42.7004685986116,42.60084353674695,42.41340093572442,42.07621854429178,41.92604761385853,41.72726451798181,40.82456708391672,40.66644516750991,43.09683461815615,46.30425741949239,90.19236125875912,4.7260876200819695
27,7200,20.17214020682068,22.59297445585653,22.871048548386668,22.80511735083948,22.711188609537995,22.657398830956986,22.55662298704915,22.376382934127484,22.295743421722108,22.189875676490253,21.71097827951091,21.62593128776139,22.922304220695963,24.626157818804906,47.96727029613037,3.635301873700128
27,10800,38.14625359653306,42.71767467895522,43.24634973429781,43.12212396161179,42.94581692100876,42.84562812567832,42.65712182463686,42.318009316382025,42.16698234901351,41.96705588612872,41.059168147630345,40.90016655728421,43.34444696390251,46.57032011732508,90.71079303170158,4.726079143996785
27,14400,20.174416034860503,22.595522834355485,22.873627954127087,22.807689200830872,22.71375016276497,22.6599547094633,22.559168059801515,22.37890820024738,22.298260070225105,22.19238065601028,21.71342893773761,21.628372326992423,22.92489112157843,24.62893750888292,47.97268383404677,3.635302959515269
27,18000,38.146296804122905,42.71772127710415,43.24639664591375,43.12217234762343,42.945866767923135,42.84567895473329,42.657171435557615,42.31805913848132,42.167032156777495,41.9671059492769,41.05921706755076,40.9002154729564,43.34449901727983,46.57037618422804,90.71090171886036,4.726081553666037
27,21600,20.174343013245508,22.595441112899216,22.873545229062103,22.807606609457785,22.713667894791,22.659872657105893,22.559086398498025,22.378827222980163,22.29817935377952,22.192300236118527,21.713350292440754,21.628293991062684,22.92480804895566,24.628848235960213,47.97250991756995,3.6353039623333423
28,3600,37.79200113861729,42.32049361226353,42.85429465904993,42.73056995791218,42.55417665453766,42.45558437122091,42.26794141205336,41.933606937584585,41.78514232897791,41.58324103010669,40.68740554651323,40.53159546110281,42.95359584886212,46.14740348012347,89.89215409500257,4.725452477697141
28,7200,20.020432128382183,22.42273855357661,22.704058700121205,22.63827152160419,22.5441301219266,22.491088405959776,22.390587383863505,22.212547385089543,22.13311389492518,22.025996766192016,21.552629402261267,21.46915569024189,22.755965649526992,24.44587390496298,47.61924848993272,3.635724092297331
28,10800,38.00804111947272,42.56234079299063,43.09922563106074,42.97479596409939,42.79740404623302,42.69825645771618,42.50955307788671,42.17331492271323,42.02400735443531,41.82095013219051,40.91998908076439,40.76331752679546,43.19908917418998,46.4111712403577,90.40614162213888,4.725444545834575
28,14400,20.02269223357208,22.425269288991345,22.706621255910434,22.640826733143008,22.54667485471384,22.493627385461657,22.393115358654544,22.215055600691464,22.135613347278493,22.02848435657966,21.555063281692863,21.47158014041049,22.75853481794972,24.44863419116636,47.62462365972655,3.6357251618907065
28,18000,38.008592917550274,42.562959896110826,43.09985344862534,42.97542088845437,42.79802627550869,42.698877831229694,42.5101713177173,42.17392806623444,42.02461879346852,41.82156047017072,40.92058965964464,40.76391541047228,43.19972222721319,46.41185293443464,90.40746991749307,4.725446929375447
28,21600,20.02262245238271,22.42519124751159,22.70654249351688,22.640748347905905,22.54659685684808,22.49354950400793,22.393037634266754,22.214978327068856,22.13553636281315,22.028407670693944,21.554987934000764,21.47150504509657,22.75845561714199,24.44854912215408,47.62445866764513,3.635726158331495
29,3600,37.66392205409159,42.1737049183282,42.71570543798745,42.59111417473007,42.41598176228156,42.31567592698998,42.13111505457898,41.79652563432288,41.64997721945889,41.4439559414064,40.55654106546254,40.403011185230696,42.81641932905653,45.997421019078594,89.60411706424544,4.724843877132801
29,7200,19.8770028244185,22.26029491477509,22.54488338514868,22.47888227409984,22.38575541623738,22.33199642221156,22.23349019045451,22.055969262462632,21.977833425627573,21.868931340819927,21.401808162834683,21.319867358872106,22.597263995127683,24.273991506187546,47.28692530101054,3.636097898466029
29,10800,37.87957743862789,42.4151036832809,42.96023932366266,42.83493611833894,42.658809217555245,42.55793759908401,42.37233236594453,42.03583370183155,41.8884509536969,41.68124771332718,40.78874803095817,40.63436775001432,43.06151960046293,46.260751368202165,90.11726994286626,4.724836398564839
29,14400,19.87926936537941,22.262833380671964,22.547454703159715,22.48144515150939,22.38830714465672,22.33454181088983,22.23602419108693,22.058483359583885,21.98033922174225,21.871424430344824,21.404249843062964,21.32229904558592,22.59983903702709,24.27675812130928,47.29231283687353,3.636098954268441
29,18000,37.87936409081482,42.41486496588982,42.95999775543999,42.83469506535732,42.658568979338405,42.55769792608609,42.37209386264257,42.03559743676266,41.88821581207792,41.681014481987695,40.78851825268583,40.63413972927826,43.061279447598295,46.26049274112954,90.11676650198066,4.724838812365589
29,21600,19.879198888819108,22.26275466907658,22.54737578115989,22.48136735527704,22.38823006592653,22.334464934558632,22.235947768389583,22.058407056861554,21.98026246266324,21.87134802099544,21.404174011719824,21.3222240605268,22.599760187940067,24.27667340950366,47.29214697421202,3.636099945027292
30,3600,37.53938985426727,42.03364282591983,42.58385970810987,42.458508777632886,42.28356318234432,42.18470277443376,42.000422372232016,41.66635590383156,41.52134479437703,41.31277409905948,40.43195466950593,40.28145295608503,42.68623126178137,45.85445942293154,89.3300203930081,4.724260451265129
30,7200,19.73981689242726,22.1063059649344,22.394196002875447,22.32802941465453,22.2353324619397,22.18252029160842,22.084499798202827,21.90786536563535,21.83080801464584,21.72094154610787,21.258981513355195,21.17893825450501,22.447184857360355,24.11112546024584,46.97228570713335,3.636427444382588
30,10800,37.75402302850623,42.273893880710354,42.82728710455882,42.70122124793919,42.52528504521068,42.425868141408834,42.24054636627908,41.904576941461215,41.75874179826042,41.54897718342675,40.66311750960481,40.51178393996797,42.9302382072305,46.11659710430774,89.84087078753785,4.724253435674973
30,14400,19.742074742615088,22.10883462057613,22.39675800986043,22.330582187686616,22.23787435198881,22.18505610401234,22.087024796286727,21.910370624530657,21.833304685883924,21.723425917719528,21.26141308145529,21.18136092856212,22.449751811526124,24.113882938886263,46.977656264343175,3.636428487216337
30,18000,37.75406492694895,42.27394083941184,42.8273348709504,42.70126893478118,42.52533243612385,42.42591537072795,42.24059349552715,41.90462371172025,41.75878827726218,41.54902343835717,40.663162601645176,40.51182880694969,42.93028593239976,46.116648535160266,89.84097055889761,4.724255833789619
30,21600,19.742005052353665,22.108756263451923,22.396678421156395,22.33050322392684,22.237795872948592,22.18497791150956,22.08694667297207,21.91029290507359,21.833227130198164,21.72334852898548,21.26133676006004,21.181284783046248,22.449671494413742,24.113796849894523,46.977488612521846,3.6364294728367135
31,3600,37.42123686943064,41.90058805401702,42.45886086258703,42.33269979584028,42.15808445728376,42.060004439632735,41.87623150063652,41.54378957867739,41.398945898064206,41.18873885832294,40.314064354203154,40.16669307029486,42.5626696213118,45.71874388281344,89.06906123289357,4.723702006889418
31,7200,19.61091325756067,21.961522883879624,22.252665754169108,22.18629006739961,22.09407850054716,22.04183787667122,21.9444025988706,21.769197132710907,21.69247502816619,21.58210554242606,21.124943409900325,21.046825843804484,22.30615076377488,23.95805288373192,46.67619184965456,3.636716797333328
31,10800,37.63495449205852,42.13981100979953,42.70130258829505,42.57442273367448,42.39881942031246,42.300188156722086,42.11537802454851,41.78104498668104,41.63537926008477,41.42397071433688,40.54429575447213,40.39611148966978,42.80569972770931,45.97981500759159,89.57784855258444,4.723695427623701
31,14400,19.6115891599634,21.962279586781552,22.253432549230663,22.18705471698747,22.09484007940297,22.042597732465254,21.94515921264086,21.76994789317476,21.69322301818795,21.582849637459795,21.12566978663299,21.04754991672519,22.3069193454174,23.958878612248053,46.67779987186934,3.636717881939675
31,18000,37.63503241668575,42.13989818601792,42.70139088925937,42.57451096014158,42.39890734180853,42.3002758383881,42.115465407840176,41.781131620026656,41.63546546879032,41.42405621079775,40.54438009123629,40.39619509133361,42.80578774343161,45.97990981082766,89.5780329628353,4.723697820091551
31,21600,19.61151749096412,21.96219937563972,22.25335127889896,22.18697369968728,22.094759428050573,22.04251730765975,21.94507913776328,21.76986837261804,21.69314398373318,21.582770842177204,21.12559433300204,21.0474742281376,22.306837834869768,23.958791143835697,46.677629350481176,3.636718862507984
32,3600,37.309334449251,41.77200751326552,42.34020252768722,42.21327880705978,42.038853083255376,41.94147281970456,41.75780861901106,41.42678431795801,41.28261711856662,41.0707889889086,40.20216361711543,40.05740553240752,42.44547646735541,45.590293026808766,88.8203515388448,4.723167339541661
32,7200,19.486787986671413,21.820773953132367,22.11613251496912,22.049574534039696,21.95776140344551,21.906051717124,21.80898614344123,21.635086771434025,21.55896059184588,21.44809740060705,20.995634858038063,20.919156503221977,22.170129820610263,23.81059751005425,46.39003205372815,3.636969318433062
32,10800,37.5222110038101,42.01027149936685,42.58173976384854,42.454093659146594,42.27868170766836,42.18075520831937,41.99605607090073,41.663150956155874,41.518166334813785,41.30512867041321,40.43154226223928,40.28598633745216,42.68761141822166,45.85038787686619,89.32724049561996,4.723161176118611
32,14400,19.48902982761356,21.82328391089071,22.118676656140263,22.052111118463536,21.960287615599555,21.90857222165829,21.81149579881503,21.63757670336632,21.561441982558627,21.4505661376233,20.99805140928222,20.921564293464115,22.17268091020753,23.81333790008965,46.39537032440939,3.636970337804842
32,18000,37.52225314286126,42.01031864590058,42.581787454775096,42.45414111324728,42.27872896785624,42.180802295772864,41.99610279258024,41.66319724113953,41.51821253656384,41.30517483171094,40.431587213213845,40.28603141396548,42.68765931061486,45.85043904620885,89.3273403089812,4.723163564050557
32,21600,19.488194125427803,21.822348371728182,22.11772879443112,22.05116602901418,21.959346299776808,21.907633018053232,21.810560793226337,21.63664913733029,21.5605176018895,21.44964651458477,20.99715134273516,20.92066751681796,22.171730691347832,23.812317311413903,46.39338266546751,3.6369713271337134
33,3600,37.20223907137795,41.64942793569132,42.22890922722244,42.09984188675178,41.92565204177443,41.82855418183023,41.6454618079721,41.31566957539759,41.17230307608276,40.960648427997086,40.096213724578064,39.95391688447924,42.33335321230754,45.46698165787974,88.5842269970271,4.722655622026672
33,7200,19.36821417679916,21.68657434403145,21.986864624388424,21.919398209204587,21.827995696127307,21.776588413160013,21.6801196914424,21.50740146534205,21.43192326991552,21.32149341549075,20.87267879514932,20.797740501794443,22.040181430127426,23.669513200620003,46.11761294919794,3.637187980691209
33,10800,37.41431581970439,41.886782140025005,42.46959653229254,42.33979516384116,42.16462156984292,42.066979075066826,41.882855341389686,41.551190990796144,41.40701255336319,41.19415098706388,40.32478303069828,40.18170328209117,42.57463339247688,45.72614142937525,89.08931316140608,4.722649855652618
33,14400,19.37045810681362,21.689086529708973,21.98941180438284,21.92193766198496,21.83052473200927,21.77911171128888,21.68263208899404,21.509894115248755,21.434407393355578,21.32396484263253,20.87509780652537,20.80015089829092,22.04273537104532,23.672256425360832,46.1229566574422,3.637188989504536
33,18000,37.41440426204684,41.88688115364532,42.46969681798888,42.33989500097215,42.16472090967257,42.0670781297888,41.882953966298494,41.55128899910203,41.40711049405428,41.19424887185332,40.32487803858819,40.18179856840068,42.57473513278421,45.72625042273665,89.08952642344386,4.7226522357226886
33,21600,19.37038765427961,21.689007662965857,21.989331868665907,21.921857987479747,21.83044539374578,21.77903255944232,21.682553287117194,21.509815939319683,21.43432948895705,21.3238873391015,20.87502190877962,20.80007527467897,22.04265528861074,23.672170485757963,46.12278980176036,3.6371899603884303
34,3600,37.10142137610451,41.53448423876103,42.12277101411375,41.990896762753735,41.818175118145135,41.72094380158452,41.54000045344877,41.21021164449894,41.06770442271211,40.85474758704539,39.995724322798736,39.856077867065096,42.22726267217378,45.35066879287125,88.35898993242937,4.722166072374959
34,7200,19.25559593474187,21.55936956872525,21.86330234457641,21.79458156088006,21.70421878837571,21.652890717338146,21.557824400752605,21.385624408743144,21.310812446215618,21.200036679366026,20.75543502957553,20.68211803356083,21.91640415083973,23.53533632986647,45.8572083385479,3.637375504552333
34,10800,37.312788454425,41.7710331116867,42.36270072629875,42.23007698193406,42.05638050550628,41.95860408856724,41.77664209603535,41.44498237404936,41.3016685491644,41.08749849612094,40.223575398879696,40.08316201048864,42.46778580126377,45.60900156670154,88.86246868258391,4.722160682913184
34,14400,19.25783645919396,21.56187782205698,21.865846156898733,21.79711745644789,21.70674433900569,21.655410513309818,21.56033341359933,21.388113662669653,21.31329323903474,21.202504682047284,20.75785109269289,20.684525621999025,21.91895480134953,23.538075960437663,45.86254517805706,3.637376503260556
34,18000,37.31281592898866,41.77106387248422,42.362731895449215,42.230108043069045,42.05641146204188,41.95863500156533,41.77667281563695,41.44501259393756,41.30169835723726,41.08752767186665,40.223604821270015,40.08319093872092,42.46781553354277,45.60903366860082,88.86253070685086,4.722163057520879
34,21600,19.257764132367864,21.5617968897632,21.865764103618183,21.7970356775708,21.7066629010698,21.655329268615475,21.5602525240636,21.3880334109976,21.3132132544153,21.202425110388667,20.75777308858778,20.68444788802679,21.91887254183589,23.537987636254165,45.8623733468133,3.6373774693860073
35,3600,37.0048559262988,41.42722270413262,42.02142769200508,41.889778517368725,41.71621729810661,41.61990256088315,41.4405927819682,41.10985820933879,40.97037566810045,40.75428412254405,39.9003794276701,39.7631725724123,42.1263551292573,45.240383020567855,88.14550628879746,4.721697925254452
35,7200,19.147594119350533,21.438854360370726,21.744937162647886,21.67653413693572,21.586001239698,21.53529121892852,21.441343521150472,21.26915285163402,21.196117300324527,21.08403902399436,20.643432917033085,20.5716118500355,21.79803326741748,23.4072116310092,45.60859426454034,3.637534326197983
35,10800,37.21549790478623,41.66296564781034,42.26058197821634,42.128185200453416,41.953645194773785,41.856791097582416,41.6764729579557,41.34386385128842,41.203592625669245,40.98627080378506,40.12750066232832,39.989540300292575,42.36610476508564,45.49787435663264,88.64734884171075,4.721692897474835
35,14400,19.149830615863625,21.44135813771574,21.747476932670324,21.6790660316672,21.588522735099595,21.537807010529857,21.44384861930177,21.2716381124778,21.19859426722701,21.08650300138772,20.64584513595855,20.574015733632898,21.80057991475277,23.40994681933937,45.61392238519695,3.637535315275142
35,18000,37.21551210392692,41.66298154727458,42.26059810955266,42.128201266486805,41.95366115991091,41.85680695337077,41.67648869179684,41.343879587779554,41.20360848817428,40.98628703621041,40.12751516442403,39.98955536488784,42.36612197255785,45.49789239643188,88.64738368323583,4.721695265144696
35,21600,19.14975838444721,21.441277316541,21.747394950264464,21.6789843069226,21.588441350659103,21.537725816332745,21.44376777727545,21.271557918642703,21.19851434939068,21.086423511031843,20.645767309617227,20.573938165470395,21.800497685154475,23.40985837508657,45.61374936581124,3.637536276725018
36,3600,36.91208611007833,41.32443236228693,41.925451161465055,41.79266502604485,41.61975824899618,41.52586525413324,41.3448298871523,41.01572815424132,40.877654717606745,40.65864846868064,39.81013162782556,39.67537818926199,42.03001138783455,45.13567758488711,87.94194392018701,4.721250457069269
36,7200,19.043057298671208,21.32232905875734,21.631026110104845,21.56223288255513,21.4722983294264,21.42297707338165,21.32840422419777,21.15754468111931,21.085437789161297,20.9721729678228,20.535658937252894,20.46532783154234,21.68370368277455,23.283783561123684,45.36863363529852,3.637666658983381
36,10800,37.12204436360473,41.55941699954867,42.16388313239,42.03034350019166,41.85646236285434,41.7620441969698,41.57999140421072,41.24902593280007,41.11017238654313,40.88992020918887,40.03657261319124,39.90107977614301,42.26903642155682,45.39238363651795,88.4422549844239,4.721245774459565
36,14400,19.045290556992263,21.32482928321444,21.63356274287998,21.5647615395318,21.47481661303425,21.425489793989744,21.33090613692952,21.160026837539192,21.087911731936863,20.97463373321058,20.53806821806113,20.46772890847776,21.68624709782089,23.286515047858444,45.37395374173207,3.63766763885106
36,18000,37.12208304857431,41.5594602927231,42.1639271643554,42.03038741496897,41.85650606502501,41.76208777120098,41.58003483293486,41.24906924258524,41.11021582679085,40.889963886627406,40.03661440396998,39.90112176385641,42.269081975196016,45.39243236924264,88.44234997337462,4.721248132674788
36,21600,19.045219274929888,21.32474950900496,21.633481806419045,21.564680865712432,21.47473627565538,21.42540964058044,21.33082633556344,21.15994767327904,21.08783283489201,20.97455525918805,20.53799138164576,20.46765233698381,21.6861660107527,23.28642805428348,45.37378498835773,3.6376685956607
37,3600,36.82327141387946,41.22670790509474,41.8361393541415,41.70192360657903,41.52967875570207,41.43536791290924,41.25427035328947,40.927350565985634,40.789125005499685,40.567508140589936,39.724918088500246,39.59248285298022,41.93941807324443,45.036846837269394,87.74878287938834,4.720822967672564
37,7200,18.942728607780207,21.210841467718616,21.52298640345517,21.45364853095518,21.364305050775,21.3148991128677,21.22055171708762,21.05128465249647,20.97929257421939,20.864996056012902,20.432790746755096,20.36386493082982,21.574781603677245,23.166011276870258,45.13915020598132,3.637774465737562
37,10800,37.03257672642194,41.4609721800374,42.07389605271821,41.93891925672413,41.76570446502284,41.67086644101352,41.48875185670913,41.1599823183732,41.02097651201965,40.79810018058188,39.95071590959354,39.817554933954376,42.17776143362607,45.292811738410165,88.24764190855441,4.720818614999295
37,14400,18.944958285527253,21.21333777378324,21.52551970221529,21.45617378074537,21.36681995922283,21.317408429309708,21.223050212556267,21.05376350668572,20.98176319813838,20.867453333579547,20.435196859445583,20.366262973614347,21.57732167192289,23.16873917256572,45.14446336116616,3.637775436752349
37,18000,37.03261557204199,41.46101570734631,42.07394021351898,41.93896328804307,41.76574832466508,41.6709102039632,41.488795428329226,41.16002552939404,41.0210195557826,40.79814295177931,39.950757873022326,39.81759673166871,42.17780557544555,45.29285905142525,88.24773378863645,4.7208209644163
37,21600,18.94488660535677,21.21325752690852,21.52543826434092,21.456092601323743,21.366739115400986,21.317327771300583,21.22296990955173,21.05368384224071,20.98168380379888,20.86737437238766,20.435119526629546,20.3661859028424,21.577240062015736,23.168651596090783,45.14429316948812,3.637776388920652
38,3600,36.73910751478801,41.133962891144286,41.7509814255676,41.61632825726026,41.4447659625961,41.349651728164105,41.16970365551771,40.84325151030235,40.70511088341816,40.48192200688551,39.64385406935618,39.515486895520574,41.85515019294574,44.94446784919079,87.56585463815831,4.720414775253273
38,7200,18.84724279636631,21.104655351251232,21.419835460842,21.350459204039083,21.26170470885301,21.21201212310197,21.118499511752603,20.949922208006,20.87815807782804,20.76335486705872,20.334671800922493,20.268035259528663,21.471874936009776,23.05452767854357,44.9207148095862,3.6378594952013152
38,10800,36.94776738228262,41.36751391355617,41.98806483474776,41.85264871855517,41.680121128670734,41.5844755768368,41.4035178710387,41.0752202027886,40.93630048682131,40.71184442607738,39.86901180440812,39.739942319985104,42.09282537990755,45.19970439238235,88.0632734736203,4.720410738844283
38,14400,18.84946881222,21.107147733158723,21.422365324633727,21.35298099553276,21.26421619542895,21.21451796383121,21.120994592914343,20.9523976624049,20.88062530055636,20.765808639765982,20.337074650259684,20.27043028862345,21.47441167860947,23.05725197861972,44.92602159169322,3.637860457685554
38,18000,36.94780594686037,41.36755708849963,41.98810873897372,41.85269249745309,41.68016472320329,41.58451907327738,41.40356118013189,41.07526316722699,40.936343303134734,40.71188700146666,39.86905350329593,39.73998389272029,42.09286940286903,45.19975168450592,88.0633655907287,4.720413078966431
38,21600,18.84939703012567,21.10706731539765,21.422283697131952,21.35289962880193,21.26413516409524,21.214437119759545,21.120914102452712,20.952317811547594,20.880545720646825,20.76572949594041,20.3369971371348,20.27035301865482,21.47432980559517,23.0571639724361,44.92584959675655,3.6378614052239695
39,3600,36.65894901690496,41.044795240445055,41.66981249349858,41.5338364934812,41.36304144808514,41.26835349678618,41.08832031943584,40.76243807900145,40.62330505776729,40.40041883530616,39.567426533031366,39.44192406668903,41.77361756966664,44.85598391617408,87.39133139984777,4.720025266431299
39,7200,18.75600905833893,21.002762958594985,21.321200649838666,21.251326263734235,21.163193743860305,21.1138389601826,21.02051979633216,20.85266312514649,20.780568663844136,20.66621240303066,20.24127661928516,20.176294314048107,21.372845514880822,22.94770208012095,44.71178016401278,3.637923392546466
39,10800,36.86701003025991,41.2776800889408,41.90627264407407,41.7695268325904,41.59777148565824,41.50255504709196,41.32151243195455,40.993789331820594,40.85387217333117,40.62972151907215,39.79199664003928,39.66580837366587,42.0106677030328,45.1105437942976,87.8874158279453,4.720021532171626
39,14400,18.75823296976672,21.005252919152426,21.323728562742268,21.25384598138279,21.165703187884567,21.116342778621306,21.023012838812967,20.85513655318221,20.78303379022869,20.66866407963433,20.24367761439718,20.178687654590973,21.37538027046937,22.95042419208467,44.7170824516848,3.637924346787495
39,18000,36.86704842443306,41.2777230365942,41.90631624464242,41.76957028604079,41.59781476031919,41.502598223798174,41.32155542358026,40.99383198638789,40.85391468510123,40.62976379722674,39.79203803926078,39.66584964447306,42.0107114001831,45.11059070746744,87.88750724460432,4.720023862540326
39,21600,18.75816160912052,21.005172978762204,21.3236473913505,21.2537650668911,21.16562260585023,21.11626238338152,21.0229327957178,20.855057145321204,20.78295465421775,20.6685853779813,20.24360053252424,20.17861080322331,21.37529884301466,22.950336683029903,44.716911444753386,3.6379252896970704
40,3600,36.58275960225196,40.96165128637402,41.59229020224,41.45683145284243,41.28666381210372,41.19196834763162,41.01181579863251,40.6864428473115,40.54774598907765,40.323657595380496,39.49635147058255,39.37354841378195,41.69777466246053,44.77331532215924,87.22744180739218,4.7196537755434775
40,7200,18.668886814635343,20.90628358192325,21.22677419461956,21.15733894271744,21.06974539235036,21.020500987747333,20.92735042571716,20.760164781850087,20.68846484780915,20.573775079118967,20.152841544015416,20.0894148975419,21.27907535373054,22.84637584636461,44.51320899056051,3.6379675926792494
40,10800,36.79021517192451,41.19387122420325,41.82811397973046,41.6918889207795,41.520765334574016,41.42554183288496,41.24437995606163,40.91717073192982,40.77769288897833,40.55233445857559,39.72033199996826,39.59685880589747,41.93419793663666,45.02719504927232,87.72218181438384,4.71965033154954
40,14400,18.671107454906554,20.90877000806102,21.2292989531962,21.15985554031293,21.0722517473162,21.02300171244677,20.929840358758675,20.76263511609008,20.69092689804832,20.576223596628555,20.155239700391466,20.091805557313727,21.28160704935236,22.84909457558624,44.51850500680201,3.6379685389202336
40,18000,36.790250900942446,41.19391120706365,41.82815455517333,41.691929355503305,41.52080560442589,41.42558201248141,41.244419963032925,40.91721042490633,40.77773244972987,40.55237380156902,39.72037053285266,39.596897223975375,41.93423862175882,45.02723875826871,87.72226678384507,4.719652651802032
40,21600,18.6710360752788,20.90869007119733,21.2292177151823,21.159774546733207,21.072171087655303,21.022921240681523,20.929760241079904,20.76255563713323,20.690847694784807,20.576144837732123,20.155162554370182,20.091728636329275,21.281525524313167,22.849006894161576,44.51833333662388,3.637969477187265
41,3600,36.51036289792531,40.88300111970522,41.52026327995064,41.38642851823906,41.214610755712414,41.11967109352239,40.939507366423406,40.61464935919975,40.47639559425154,40.25109449571245,39.42960696454886,39.309487017168905,41.62620742661194,44.69551195959088,87.07230373134752,4.719299725801587
41,7200,18.58448280327105,20.81296454817448,21.13601422210266,21.067578232848177,20.97935758971453,20.930104144009142,20.837172863207936,20.6706555266021,20.599349843655567,20.484320910271784,20.06742860291468,20.00553980047134,21.188347023555853,22.74845919172496,44.32091470142895,3.6379934954208575
41,10800,36.7173034915499,41.11465894717284,41.75556045964855,41.62096899184125,41.44818646810964,41.352717642696845,41.17154501868477,40.844854728103726,40.70582292702056,40.47924572052455,39.65309724585248,39.53232249036745,41.86210697518975,44.94882374048903,87.56591297052036,4.719296557652081
41,14400,18.58670117191312,20.81544857789148,21.13853700486299,21.07009293143444,20.98186193359893,20.93260283900264,20.83966075658676,20.67312383652177,20.60180989264793,20.486767344350486,20.069824982243773,20.00792883030864,21.19087672412575,22.75117559652409,44.32620498630367,3.637994433881029
41,18000,36.71734130623426,41.11470132944996,41.75560354465196,41.62101193922058,41.44822923656726,41.35276031399989,41.17158750521402,40.84489688081936,40.7058649410704,40.47928750561936,39.65313817355656,39.53236328253196,41.86215009792363,44.94886990217711,87.56600193812149,4.719298867247297
41,21600,18.586630152066263,20.81536904704999,21.1384562002709,21.070012389386346,20.981781731618145,20.932522824933635,20.83958109657246,20.67304481238596,20.60173114124177,20.486689034363856,20.069748268603828,20.007852346192465,21.19079572001137,22.751088612771404,44.326035627955626,3.6379953674918366
42,3600,36.44261427861375,40.80939933170572,41.45310877350612,41.31996065588984,41.14698689129702,41.05154282856587,40.87130987000735,40.54611683862406,40.40989070279468,40.183368764062365,39.368519388708606,39.250409470520594,41.55986497659383,44.62256478702741,86.92620851141598,4.7189625371536295
42,7200,18.50377775714621,20.72370321800866,21.049228561814928,20.981306018623563,20.89270825878503,20.843310671821747,20.750568770922136,20.584271905067123,20.514159501795657,20.398782854737707,19.98630856526937,19.925604808856363,21.101773611150985,22.654622658260784,44.13636365743689,3.6380022844465465
42,10800,36.649021518869056,41.04047360370592,41.68785607148795,41.55395569893065,41.3800113502669,41.28403566635295,41.10279396854581,40.77576836421031,40.63877628016522,40.41097241632454,39.59150306066919,39.47274998238528,41.79521931468215,44.875281276331705,87.41863117011974,4.7189596346708855
42,14400,18.505993837037465,20.726184805426485,21.051749309549155,20.983818715656422,20.89521052294593,20.84580725066406,20.75305453461976,20.58673804850416,20.516617500858608,20.401227152797528,19.98870317150232,19.9279921830511,21.10430133670544,22.65733685626648,44.141649479386935,3.6380032153135553
42,18000,36.64905934996493,41.04051591718896,41.68789896006269,41.55399841858621,41.38005389540096,41.284078116158334,41.10283623491294,40.775810296833015,40.638818073808366,40.41101397629873,39.59154377676828,39.47279057995216,41.795262284212654,44.87532740444514,87.41872092037593,4.718961933301032
42,21600,18.50592287728468,20.726105366547014,21.051668609712863,20.983738279232814,20.895130426576102,20.84572734264438,20.75297498090678,20.58665913182129,20.516538854086445,20.401148952208544,19.98862655483848,19.927915787606665,21.104220427673297,22.657249973233327,44.14147999819291,3.638004144245925
43,3600,36.44261427861375,40.80939933170572,41.45310877350612,41.31996065588984,41.14698689129702,41.05154282856587,40.87130987000735,40.54611683862406,40.40989070279468,40.183368764062365,39.368519388708606,39.250409470520594,41.55986497659383,44.62256478702741,86.92620851141598,4.718641646084715
43,7200,18.50377775714621,20.72370321800866,21.049228561814928,20.981306018623563,20.89270825878503,20.843310671821747,20.750568770922136,20.584271905067123,20.514159501795657,20.398782854737707,19.98630856526937,19.925604808856363,21.101773611150985,22.654622658260784,44.13636365743689,3.63799501154302
43,10800,36.649021518869056,41.04047360370592,41.68785607148795,41.55395569893065,41.3800113502669,41.28403566635295,41.10279396854581,40.77576836421031,40.63877628016522,40.41097241632454,39.59150306066919,39.47274998238528,41.79521931468215,44.875281276331705,87.41863117011974,4.718638998059888
43,14400,18.505993837037465,20.726184805426485,21.051749309549155,20.983818715656422,20.89521052294593,20.84580725066406,20.75305453461976,20.58673804850416,20.516617500858608,20.401227152797528,19.98870317150232,19.9279921830511,21.10430133670544,22.65733685626648,44.141649479386935,3.6379959349854505
43,18000,36.64905934996493,41.04051591718896,41.68789896006269,41.55399841858621,41.38005389540096,41.284078116158334,41.10283623491294,40.775810296833015,40.638818073808366,40.41101397629873,39.59154377676828,39.47279057995216,41.795262284212654,44.87532740444514,87.41872092037593,4.718641285377545
43,21600,18.50592287728468,20.726105366547014,21.051668609712863,20.983738279232814,20.895130426576102,20.84572734264438,20.75297498090678,20.58665913182129,20.516538854086445,20.401148952208544,19.98862655483848,19.927915787606665,21.104220427673297,22.657249973233327,44.14147999819291,3.637996859212029
44,3600,36.319599377417866,40.67511193284907,41.333919515921366,41.19962320987595,41.02342595715061,40.927556400005344,40.74861652636936,40.42410878179446,40.290026428719,40.06071122057652,39.256929621766986,39.14438876841001,41.44160027355514,44.49150879000963,86.65924112811345,4.718336552092592
44,7200,18.35296918648856,20.556507111247043,20.888117591810165,20.81992614003041,20.73010815310134,20.68071114361863,20.589041540256,20.423849562976606,20.35512819622148,20.23886534639088,19.83397389715869,19.77639558108596,20.940738205697045,22.479641166765283,43.790147723982464,3.6379728062681833
44,10800,36.52498489267356,40.90506319534195,41.56762280189622,41.43256903517961,41.2553845010648,41.15898176693642,40.97904206206603,40.65270878477569,40.51787391536979,40.28726332052092,39.478931710579225,39.36577979855244,41.67591597968669,44.74308676710869,87.1493727734494,4.718334148964301
44,14400,18.355180429421296,20.55898354400937,20.89063419139688,20.822434626018364,20.732605998145548,20.68320327020384,20.59152291704757,20.426311336839763,20.357581945078746,20.24130520459128,19.8363646748817,19.778779459132966,20.943261891119658,22.482350850380985,43.79542425536245,3.6379737224312167
44,18000,36.52502227739037,40.905105081742505,41.5676653597525,41.43261145130797,41.25542673996314,41.15902390839919,40.97908402035533,40.65275040964235,40.517915402302656,40.28730457146651,39.478972138415145,39.36582012654179,41.67595871951608,44.74313280525857,87.14946304487266,4.718336424644052
44,21600,18.35511182419477,20.55890672282048,20.8905561241838,20.82235681171584,20.732528518253687,20.683125973385515,20.59144596036664,20.426234995202343,20.35750585966455,20.24122955734473,19.8362905449288,19.7787055341471,20.943183595765262,22.482266728004035,43.79526032295556,3.637974641920383
45,3600,36.26293426563365,40.613229787419016,41.27874657287198,41.14427352779919,40.96691191500415,40.871314098503824,40.69234033740639,40.36938006010455,40.23515090964072,40.0049486854035,39.20592739992082,39.09705149343064,41.38822345073592,44.43219147949803,86.53647165217127,4.718046727137826
45,7200,18.28156496221765,20.477292249060817,20.81152299913424,20.743395043409,20.653192018648177,20.60403758639052,20.51254895715045,20.34850517718315,20.279857236641583,20.163404998862543,19.76186302373095,19.7062793721034,20.86485852442884,22.397152559834574,43.62609524052037,3.637936539895592
45,10800,36.46788722308363,40.84270637106813,41.512010481715365,41.376779372239454,41.1984244406499,41.10229526393549,40.92232210323576,40.59754613847503,40.46256408072951,40.23106231891235,39.42752052289647,39.31805434254122,41.62211006436958,44.68329729081356,87.02563951982464,4.718044557370592
45,14400,18.283774489382825,20.4797668339896,20.81403818173224,20.745902097836986,20.655688353387124,20.60652821512685,20.51502882627545,20.35096552258953,20.282309541690218,20.165843349228204,19.76425255417623,19.70866223194113,20.867380987313474,22.39986095140574,43.63136965164777,3.637937448905959
45,18000,36.46792466113598,40.842748266893615,41.51205303249844,41.37682176326064,41.198466648566736,41.10233737454536,40.922364030702,40.59758773455178,40.46260553922173,40.23110353954212,39.42756091997253,39.3180946366827,41.622152732707725,44.68334316004992,87.0257288999878,4.718046821113504
45,21600,18.283704110771588,20.47968802409761,20.813958061981555,20.745822229649484,20.655608831537403,20.60644888124976,20.51494984169913,20.350887166787835,20.282231448339857,20.16576570490555,19.764176455353933,19.708586332718724,20.86730059060254,22.39977452700466,43.631200837396,3.6379383636310574
46,3600,36.21014635334144,40.55497717779217,41.22621408917984,41.09197501850063,40.91398732501716,40.818865581234434,40.64021045185244,40.31878695888132,40.18356052201766,39.95328849545493,39.159168072570935,39.05400708848833,41.33926539105296,44.3772970988814,86.42136406081143,4.717771675688842
46,7200,18.21311458240945,20.401031479559087,20.737375347840526,20.669515305166385,20.57919815585236,20.530383852972605,20.43925168824256,20.27633971259992,20.20733092631645,20.091097960662843,19.69294952566323,19.63937150882362,20.792320232853147,22.31809511301133,43.468269343537,3.6378870639843264
46,10800,36.41464377143392,40.78394925554818,41.45900278746642,41.32400760173062,41.14502377583344,41.04937380637115,40.86972186786167,40.546492853111005,40.4105085650495,40.17893772395806,39.38032795018077,39.27459793863471,41.572697023570726,44.62790113587157,86.90950515354014,4.717769730772018
46,14400,18.21532231377904,20.40350412402333,20.739888987239453,20.672020833829723,20.58169291974305,20.532872935803525,20.44173002283104,20.278798603036712,20.20978171018698,20.09353477937008,19.695337787078287,19.64175330569013,20.79484127973526,22.320801614725674,43.47353899665696,3.6378879659482575
46,18000,36.41467995778618,40.783989830474695,41.459044001088415,41.32404867820287,41.14506468067759,41.049414616285695,40.86976250019772,40.54653316474065,40.41054874179907,40.17897767108603,39.38036710441187,39.27463699310314,41.57273836017255,44.62794553339984,86.90959148289403,4.717771982328235
46,21600,18.215252231955663,20.40342557338321,20.73980909364643,20.67194117939855,20.58161361098693,20.53279381474956,20.44165125113492,20.27872045755344,20.209703828596723,20.09345734245847,19.695261887877862,19.641677618277186,20.794761210261747,22.32071579096352,43.47337210654776,3.637888875864655
47,3600,36.16051803633128,40.500597660581946,41.17943052208108,41.044145401493246,40.86504899751797,40.76965081291775,40.59207557879149,40.27140292822336,40.135281859186335,39.90413790496388,39.11538692670024,39.01332496168992,41.29295444132616,44.32602834526232,86.31381291433874,4.717510927264491
47,7200,18.147301113847323,20.32787388667288,20.66728675321381,20.599049120709488,20.50837099225599,20.459514284621275,20.36911810451869,20.20692867336178,20.137612048021715,20.021190182944284,19.62663785205868,19.574745882657865,20.722277597783066,22.242114728305484,43.316701642062846,3.637825158991869
47,10800,36.36461467848422,40.72912876273829,41.41181836062716,41.27577164443287,41.09567344039165,40.99974585077002,40.821180448403226,40.498707741843305,40.361824271472216,40.1293774767462,39.33617013781294,39.23355676466315,41.525988012037104,44.57619622449609,86.80105736460341,4.717509197410987
47,14400,18.14950758213303,20.33034516319816,20.66979948336466,20.60155365187302,20.51086468177932,20.46200227245368,20.37159540219353,20.209386559084106,20.14006176840868,20.023625876521344,19.629025279369,19.577127027584467,20.724797764595667,22.24482020945412,43.32196841084402,3.637826053977781
47,18000,36.36465167155028,40.72917014720117,41.41186042900682,41.27581355772591,41.095715169002645,40.99978748325631,40.82122190095559,40.49874886896326,40.361865262488905,40.12941823558299,39.33621008666556,39.2335966003451,41.52603011187293,44.5762412957753,86.80114438124231,4.7175114364764745
47,21600,18.149437604633064,20.33026679830952,20.66971979479552,20.60147422166641,20.510785600287345,20.46192337824591,20.37151685535281,20.209308638150453,20.139984117303143,20.023548677679926,19.62894959955844,19.57705153057745,20.724717803495366,22.244734257648062,43.32180014504764,3.637826959018143
48,3600,36.114417888504185,40.450046532365,41.13593951929453,40.99941313146162,40.81950303160397,40.72479436512222,40.54838669242078,40.22718497014771,40.09200688143044,39.857626790130695,39.07467541418775,38.97593007236903,41.25103927337093,44.27956542351325,86.214048233184,4.717264018794992
48,7200,18.08398620379267,20.257471755961987,20.59966860800447,20.53095573315592,20.4400619156912,20.391648262521883,20.302024627868377,20.139910964128504,20.071205839590043,19.953408761179887,19.56264256338228,19.512535832543243,20.65525888479453,22.169426785284777,43.17077599858866,3.637751543489292
48,10800,36.31809592016845,40.6781155761638,41.36790211691246,41.23060776105919,41.04969206730462,40.954458300645136,40.77706781247964,40.45406458062983,40.31813005533425,40.08243001523195,39.29505846704748,39.19578068408494,41.48365657916813,44.52927822342383,86.70035126536769,4.717262496090732
48,14400,18.086191371583368,20.25994165725033,20.602180443711426,20.53345928824873,20.44255457096738,20.394135254217574,20.30450099350781,20.14236787266108,20.073654635976528,19.95584332526507,19.565029179962544,19.514916353986592,20.65777820957612,22.172131186186693,43.176039845095,3.6377524315700094
48,18000,36.3181326557323,40.67815671349514,41.36794395802563,41.23064947472494,41.04973360175393,40.95449974013829,40.77710907504324,40.45410551924456,40.31817086029945,40.08247058732557,39.295098242489615,39.19582035625382,41.48369853415127,44.529323217234,86.70043849118414,4.717264722431394
48,21600,18.086121535694776,20.25986345337624,20.602100873233987,20.53337997645292,20.44247561199486,20.39405648132398,20.30442256430392,20.14229006629626,20.07357709127172,19.95576623311589,19.56495360582472,19.514840984674976,20.65769849274556,22.172045753718784,43.1758745254696,3.637753331688065
49,3600,36.070673629513465,40.40123583309304,41.09722734149665,40.95774828177819,40.777268740106976,40.683980247258425,40.50752977560772,40.1860760962624,40.052476502774944,39.81346695846477,39.03667807614977,38.94164713210149,41.21240787136336,44.23652637626108,86.12007795172136,4.717030517954702
49,7200,18.02293340033721,20.18914324372664,20.53564885547594,20.46560402789197,20.3746135347728,20.327004291026547,20.237541293998618,20.075633892286845,20.007852531938475,19.88798432404353,19.501153804818443,19.453018674233192,20.591091840523653,22.099752793123777,43.030295190227626,3.637666879422412
49,10800,36.27396174519675,40.62887000072151,41.32880882918879,41.18854569060062,41.00705810122946,40.91325288384837,40.7358200469683,40.41256485364396,40.27821829938456,40.037863800957936,39.25669255868186,39.16115034702317,41.44464450983826,44.48582153400372,86.6055072993913,4.717029193883822
49,14400,18.02513681378592,20.19161121344229,20.538159397448176,20.468106114596804,20.377104681747408,20.329489857976444,20.24001622737395,20.078089344745663,20.01029996540131,19.89041723535898,19.50353912400165,19.455398125507227,20.59360991434293,22.102455804656444,43.03555530229206,3.637667760673359
49,18000,36.27399370607002,40.62890587899979,41.3288454408706,41.1885821981938,41.007094445210114,40.91328914466055,40.73585615080599,40.41260067152253,40.27825399979181,40.03789929235166,39.25672735840206,39.16118505914973,41.444681211122685,44.48586087627679,86.60558365505838,4.717031407340006
49,21600,18.0250675257855,20.191533629615183,20.53808047465617,20.46802746208681,20.37702637988616,20.32941173773233,20.23993844818345,20.07801218397222,20.01022305961295,19.89034078303695,19.503464163058887,19.455323363562457,20.59353085717015,22.10237110737216,43.03539134269507,3.6376686558245312
50,3600,36.02910231044018,40.35749948371966,41.06161471552897,40.91942916286429,40.73925884071284,40.646396235594096,40.47008372303565,40.14875098035952,40.016258413764845,39.77233011131872,39.00071997361775,38.91000998897297,41.17759246144279,44.19717423314217,86.03312840347316,4.716809994199252
50,7200,17.963671617150684,20.12414110298363,20.47395990194928,20.402709624976744,20.312059033757485,20.264754483038665,20.175538092247763,20.014018284367445,19.94691965989956,19.82484244842417,19.441428806553848,19.39555956287345,20.529613892792486,22.03276389818813,42.894982613023096,3.6375717796020295
50,10800,36.23200584800274,40.584719482341455,41.292824728433295,41.14984042097368,40.96866454821735,40.87528798314168,40.697994630493454,40.374862523042296,40.2416298367247,39.99633002511168,39.22036994638024,39.12917323624588,41.40946207698038,44.446064195077966,86.51770706482276,4.71680886100644
50,14400,17.965873381253928,20.12660743064093,20.476469330123443,20.40521043231216,20.31454891766992,20.26723881144077,20.17801179154732,20.016472502152126,19.94936592247205,19.827273881207454,19.44381294544745,19.397938100170027,20.532130942329523,22.035465762429983,42.90024058608705,3.6375726540905937
50,18000,36.23205571066736,40.58477537309657,41.29288155757352,41.14989704886948,40.96872093420296,40.87534424334935,40.698050650148446,40.37491810115149,40.24168523434511,39.99638508745541,39.22042393901255,39.12922710606895,41.40951906042508,44.44612533797736,86.51782582296335,4.716811060986025
50,21600,17.965804444804004,20.12653027996421,20.47639084435165,20.40513223231907,20.31447106526182,20.2671611386572,20.177934458295617,20.01639578459305,19.949289457838248,19.827197879274543,19.4437384210636,19.39786376966808,20.532052352050822,22.035381574904005,42.90007765809734,3.6375735442393458
